<?xml version="1.0" encoding="UTF-8"?>
<project-private xmlns="http://www.netbeans.org/ns/project-private/1">
    <editor-bookmarks xmlns="http://www.netbeans.org/ns/editor-bookmarks/2" lastBookmarkId="0"/>
    <open-files xmlns="http://www.netbeans.org/ns/projectui-open-files/2">
        <group>
            <file>file:/home/daw1a/NetBeansProjects/GetParametersMapApp/src/java/es/daw/web/ServletParametersMap.java</file>
            <file>file:/home/daw1a/NetBeansProjects/GetParametersMapApp/src/java/es/daw/web/util/Utils.java</file>
            <file>file:/home/daw1a/NetBeansProjects/GetParametersMapApp/web/form2.html</file>
            <file>file:/home/daw1a/NetBeansProjects/GetParametersMapApp/web/index.html</file>
        </group>
    </open-files>
</project-private>
